parametri,Profitto Netto,totale
"{""perditaMassima"": 1.2000000000000004, ""vincitaMassima"": 2.000000000000001}",8652.600000000131,480
"{""perditaMassima"": 1.4000000000000004, ""vincitaMassima"": 2.3000000000000007}",8343.600000000031,434
"{""perditaMassima"": 1.2000000000000004, ""vincitaMassima"": 2.600000000000001}",8055.0000000001,438
"{""perditaMassima"": 1.2000000000000004, ""vincitaMassima"": 2.3000000000000007}",8004.000000000228,454
"{""perditaMassima"": 1.0000000000000002, ""vincitaMassima"": 2.600000000000001}",7911.599999999951,456
"{""perditaMassima"": 1.1000000000000003, ""vincitaMassima"": 2.3000000000000007}",7877.400000000153,464
"{""perditaMassima"": 1.3000000000000003, ""vincitaMassima"": 2.3000000000000007}",7867.199999999967,445
"{""perditaMassima"": 1.0000000000000002, ""vincitaMassima"": 2.3000000000000007}",7737.000000000085,478
"{""perditaMassima"": 1.1000000000000003, ""vincitaMassima"": 2.700000000000001}",7480.199999999975,441
"{""perditaMassima"": 0.7000000000000002, ""vincitaMassima"": 2.500000000000001}",7475.400000000114,497
"{""perditaMassima"": 1.0000000000000002, ""vincitaMassima"": 2.700000000000001}",7468.79999999991,447
"{""perditaMassima"": 1.0000000000000002, ""vincitaMassima"": 2.200000000000001}",7429.1999999998925,486
"{""perditaMassima"": 1.1000000000000003, ""vincitaMassima"": 2.200000000000001}",7378.199999999954,473
"{""perditaMassima"": 1.4000000000000004, ""vincitaMassima"": 2.200000000000001}",7371.599999999834,444
"{""perditaMassima"": 1.2000000000000004, ""vincitaMassima"": 2.200000000000001}",7350.00000000003,464
"{""perditaMassima"": 0.8000000000000003, ""vincitaMassima"": 2.500000000000001}",7253.999999999854,489
"{""perditaMassima"": 1.3000000000000003, ""vincitaMassima"": 2.200000000000001}",7177.199999999769,452
"{""perditaMassima"": 1.2000000000000004, ""vincitaMassima"": 2.700000000000001}",7158.000000000055,430
"{""perditaMassima"": 1.7000000000000004, ""vincitaMassima"": 2.600000000000001}",6931.200000000042,297
"{""perditaMassima"": 0.9000000000000001, ""vincitaMassima"": 2.500000000000001}",6856.19999999991,469
"{""perditaMassima"": 0.7000000000000002, ""vincitaMassima"": 2.800000000000001}",6841.200000000174,462
"{""perditaMassima"": 1.2000000000000004, ""vincitaMassima"": 2.1000000000000005}",6834.600000000046,366
"{""perditaMassima"": 1.3000000000000003, ""vincitaMassima"": 2.000000000000001}",6813.599999999892,358
"{""perditaMassima"": 0.7000000000000002, ""vincitaMassima"": 2.9000000000000012}",6802.800000000137,455
"{""perditaMassima"": 1.3000000000000003, ""vincitaMassima"": 2.1000000000000005}",6791.399999999854,353
"{""perditaMassima"": 0.6000000000000001, ""vincitaMassima"": 2.600000000000001}",6779.400000000027,492
"{""perditaMassima"": 0.6000000000000001, ""vincitaMassima"": 2.9000000000000012}",6714.000000000065,466
"{""perditaMassima"": 0.8000000000000003, ""vincitaMassima"": 2.800000000000001}",6681.599999999919,461
"{""perditaMassima"": 0.7000000000000002, ""vincitaMassima"": 2.700000000000001}",6672.000000000047,469
"{""perditaMassima"": 0.8000000000000003, ""vincitaMassima"": 2.9000000000000012}",6665.999999999877,457
"{""perditaMassima"": 0.6000000000000001, ""vincitaMassima"": 2.800000000000001}",6646.200000000102,470
"{""perditaMassima"": 1.5000000000000004, ""vincitaMassima"": 2.3000000000000007}",6627.600000000078,372
"{""perditaMassima"": 0.7000000000000002, ""vincitaMassima"": 2.600000000000001}",6594.600000000077,472
"{""perditaMassima"": 0.7000000000000002, ""vincitaMassima"": 2.200000000000001}",6550.200000000028,522
"{""perditaMassima"": 0.7000000000000002, ""vincitaMassima"": 2.400000000000001}",6526.2000000001335,485
"{""perditaMassima"": 0.8000000000000003, ""vincitaMassima"": 2.400000000000001}",6422.999999999886,473
"{""perditaMassima"": 0.4000000000000001, ""vincitaMassima"": 2.700000000000001}",6406.799999999868,521
"{""perditaMassima"": 1.5000000000000004, ""vincitaMassima"": 2.600000000000001}",6374.3999999999605,312
"{""perditaMassima"": 0.8000000000000003, ""vincitaMassima"": 2.600000000000001}",6347.399999999829,466
"{""perditaMassima"": 0.5000000000000001, ""vincitaMassima"": 2.500000000000001}",6335.999999999984,521
"{""perditaMassima"": 0.9000000000000001, ""vincitaMassima"": 2.700000000000001}",6311.999999999853,448
"{""perditaMassima"": 1.5000000000000004, ""vincitaMassima"": 2.200000000000001}",6309.5999999998885,418
"{""perditaMassima"": 0.4000000000000001, ""vincitaMassima"": 2.600000000000001}",6296.999999999899,529
"{""perditaMassima"": 0.30000000000000004, ""vincitaMassima"": 2.400000000000001}",6267.599999999882,550
"{""perditaMassima"": 1.2000000000000004, ""vincitaMassima"": 1.9000000000000006}",6257.400000000114,375
"{""perditaMassima"": 1.4000000000000004, ""vincitaMassima"": 2.000000000000001}",6249.5999999999385,354
"{""perditaMassima"": 1.8000000000000005, ""vincitaMassima"": 2.600000000000001}",6217.199999999882,282
"{""perditaMassima"": 0.7000000000000002, ""vincitaMassima"": 2.3000000000000007}",6215.400000000183,499
"{""perditaMassima"": 0.30000000000000004, ""vincitaMassima"": 2.700000000000001}",6215.399999999808,531
"{""perditaMassima"": 1.5000000000000004, ""vincitaMassima"": 2.400000000000001}",6209.40000000003,317
"{""perditaMassima"": 1.4000000000000004, ""vincitaMassima"": 2.600000000000001}",6203.999999999911,338
"{""perditaMassima"": 1.4000000000000004, ""vincitaMassima"": 2.1000000000000005}",6197.399999999902,349
"{""perditaMassima"": 0.9000000000000001, ""vincitaMassima"": 2.400000000000001}",6172.199999999957,421
"{""perditaMassima"": 0.4000000000000001, ""vincitaMassima"": 2.800000000000001}",6170.399999999971,514
"{""perditaMassima"": 0.8000000000000003, ""vincitaMassima"": 2.200000000000001}",6161.399999999768,509
"{""perditaMassima"": 0.30000000000000004, ""vincitaMassima"": 2.600000000000001}",6153.599999999835,539
"{""perditaMassima"": 1.4000000000000004, ""vincitaMassima"": 2.400000000000001}",6140.399999999982,341
"{""perditaMassima"": 0.4000000000000001, ""vincitaMassima"": 2.9000000000000012}",6128.999999999951,506
"{""perditaMassima"": 0.4000000000000001, ""vincitaMassima"": 2.400000000000001}",6125.3999999999605,541
"{""perditaMassima"": 0.8000000000000003, ""vincitaMassima"": 2.700000000000001}",6112.1999999997915,464
"{""perditaMassima"": 0.4000000000000001, ""vincitaMassima"": 2.500000000000001}",6104.399999999925,536
"{""perditaMassima"": 1.0000000000000002, ""vincitaMassima"": 2.1000000000000005}",6076.7999999999465,376
"{""perditaMassima"": 0.30000000000000004, ""vincitaMassima"": 2.3000000000000007}",6067.799999999916,555
"{""perditaMassima"": 0.5000000000000001, ""vincitaMassima"": 2.600000000000001}",6019.199999999958,514
"{""perditaMassima"": 0.30000000000000004, ""vincitaMassima"": 2.500000000000001}",6001.799999999858,545
"{""perditaMassima"": 0.30000000000000004, ""vincitaMassima"": 2.800000000000001}",5990.999999999905,526
"{""perditaMassima"": 1.7000000000000004, ""vincitaMassima"": 2.3000000000000007}",5989.200000000165,338
"{""perditaMassima"": 1.1000000000000003, ""vincitaMassima"": 2.000000000000001}",5979.000000000035,374
"{""perditaMassima"": 1.1000000000000003, ""vincitaMassima"": 2.1000000000000005}",5923.800000000001,368
"{""perditaMassima"": 1.2000000000000004, ""vincitaMassima"": 2.800000000000001}",5901.600000000144,335
"{""perditaMassima"": 1.8000000000000005, ""vincitaMassima"": 2.700000000000001}",5885.3999999998505,279
"{""perditaMassima"": 0.30000000000000004, ""vincitaMassima"": 2.1000000000000005}",5860.799999999837,562
"{""perditaMassima"": 1.7000000000000004, ""vincitaMassima"": 2.700000000000001}",5854.200000000009,292
"{""perditaMassima"": 0.4000000000000001, ""vincitaMassima"": 2.3000000000000007}",5843.399999999987,547
"{""perditaMassima"": 1.3000000000000003, ""vincitaMassima"": 2.600000000000001}",5840.999999999865,350
"{""perditaMassima"": 0.30000000000000004, ""vincitaMassima"": 2.200000000000001}",5829.599999999802,558
"{""perditaMassima"": 0.2, ""vincitaMassima"": 2.400000000000001}",5826.600000000122,561
"{""perditaMassima"": 0.5000000000000001, ""vincitaMassima"": 2.400000000000001}",5818.800000000007,516
"{""perditaMassima"": 0.30000000000000004, ""vincitaMassima"": 2.9000000000000012}",5817.599999999879,518
"{""perditaMassima"": 1.7000000000000004, ""vincitaMassima"": 2.400000000000001}",5809.200000000103,295
"{""perditaMassima"": 1.8000000000000005, ""vincitaMassima"": 1.7000000000000004}",5800.199999999812,338
"{""perditaMassima"": 2.000000000000001, ""vincitaMassima"": 2.3000000000000007}",5794.200000000074,312
"{""perditaMassima"": 1.4000000000000004, ""vincitaMassima"": 2.500000000000001}",5755.1999999999425,337
"{""perditaMassima"": 0.9000000000000001, ""vincitaMassima"": 2.600000000000001}",5731.799999999888,428
"{""perditaMassima"": 0.9000000000000001, ""vincitaMassima"": 2.3000000000000007}",5715.000000000001,427
"{""perditaMassima"": 0.30000000000000004, ""vincitaMassima"": 2.000000000000001}",5689.799999999867,566
"{""perditaMassima"": 0.2, ""vincitaMassima"": 2.1000000000000005}",5662.200000000081,569
"{""perditaMassima"": 0.2, ""vincitaMassima"": 2.000000000000001}",5659.8000000001,574
"{""perditaMassima"": 0.5000000000000001, ""vincitaMassima"": 2.3000000000000007}",5652.600000000051,528
"{""perditaMassima"": 1.1000000000000003, ""vincitaMassima"": 2.600000000000001}",5629.200000000015,399
"{""perditaMassima"": 0.2, ""vincitaMassima"": 2.3000000000000007}",5615.400000000153,565
"{""perditaMassima"": 0.6000000000000001, ""vincitaMassima"": 2.500000000000001}",5611.800000000053,460
"{""perditaMassima"": 1.4000000000000004, ""vincitaMassima"": 1.9000000000000006}",5610.599999999968,353
"{""perditaMassima"": 0.4000000000000001, ""vincitaMassima"": 2.1000000000000005}",5603.999999999898,554
"{""perditaMassima"": 1.0000000000000002, ""vincitaMassima"": 2.000000000000001}",5600.399999999972,372
"{""perditaMassima"": 0.4000000000000001, ""vincitaMassima"": 2.200000000000001}",5589.599999999862,551
"{""perditaMassima"": 0.2, ""vincitaMassima"": 2.600000000000001}",5560.800000000076,555
"{""perditaMassima"": 0.2, ""vincitaMassima"": 2.200000000000001}",5555.400000000048,567
"{""perditaMassima"": 0.6000000000000001, ""vincitaMassima"": 2.400000000000001}",5545.800000000076,465
"{""perditaMassima"": 1.9000000000000006, ""vincitaMassima"": 1.7000000000000004}",5535.599999999848,335
"{""perditaMassima"": 0.2, ""vincitaMassima"": 2.700000000000001}",5522.400000000048,548
"{""perditaMassima"": 0.2, ""vincitaMassima"": 2.500000000000001}",5478.000000000097,558
"{""perditaMassima"": 1.4000000000000004, ""vincitaMassima"": 2.700000000000001}",5447.399999999875,341
"{""perditaMassima"": 1.6000000000000003, ""vincitaMassima"": 2.700000000000001}",5437.799999999983,290
"{""perditaMassima"": 1.5000000000000004, ""vincitaMassima"": 2.700000000000001}",5424.599999999925,319
"{""perditaMassima"": 2.200000000000001, ""vincitaMassima"": 2.800000000000001}",5410.800000000095,208
"{""perditaMassima"": 1.5000000000000004, ""vincitaMassima"": 1.3000000000000003}",5349.600000000113,494
"{""perditaMassima"": 1.2000000000000004, ""vincitaMassima"": 1.8000000000000005}",5316.000000000142,368
"{""perditaMassima"": 0.2, ""vincitaMassima"": 2.800000000000001}",5309.40000000014,543
"{""perditaMassima"": 1.5000000000000004, ""vincitaMassima"": 2.500000000000001}",5303.399999999991,293
"{""perditaMassima"": 1.3000000000000003, ""vincitaMassima"": 1.3000000000000003}",5299.799999999983,514
"{""perditaMassima"": 2.000000000000001, ""vincitaMassima"": 2.800000000000001}",5264.40000000004,215
"{""perditaMassima"": 1.3000000000000003, ""vincitaMassima"": 2.800000000000001}",5252.399999999944,311
"{""perditaMassima"": 1.6000000000000003, ""vincitaMassima"": 2.600000000000001}",5251.800000000016,277
"{""perditaMassima"": 1.9000000000000006, ""vincitaMassima"": 2.3000000000000007}",5240.400000000022,319
"{""perditaMassima"": 0.8000000000000003, ""vincitaMassima"": 2.3000000000000007}",5218.79999999993,467
"{""perditaMassima"": 1.3000000000000003, ""vincitaMassima"": 2.500000000000001}",5182.1999999999025,337
"{""perditaMassima"": 1.0000000000000002, ""vincitaMassima"": 1.9000000000000006}",5157.600000000006,364
"{""perditaMassima"": 2.200000000000001, ""vincitaMassima"": 2.700000000000001}",5121.599999999995,264
"{""perditaMassima"": 1.5000000000000004, ""vincitaMassima"": 2.000000000000001}",5107.799999999992,324
"{""perditaMassima"": 1.7000000000000004, ""vincitaMassima"": 2.1000000000000005}",5098.200000000028,320
"{""perditaMassima"": 1.6000000000000003, ""vincitaMassima"": 2.3000000000000007}",5079.000000000123,332
"{""perditaMassima"": 1.7000000000000004, ""vincitaMassima"": 2.500000000000001}",5074.200000000073,274
"{""perditaMassima"": 1.1000000000000003, ""vincitaMassima"": 1.3000000000000003}",5059.200000000179,532
"{""perditaMassima"": 0.6000000000000001, ""vincitaMassima"": 2.3000000000000007}",5056.200000000107,478
"{""perditaMassima"": 1.7000000000000004, ""vincitaMassima"": 1.3000000000000003}",5055.600000000224,462
"{""perditaMassima"": 1.3000000000000003, ""vincitaMassima"": 1.2000000000000004}",5050.199999999763,521
"{""perditaMassima"": 0.7000000000000002, ""vincitaMassima"": 2.1000000000000005}",5041.800000000032,399
"{""perditaMassima"": 1.3000000000000003, ""vincitaMassima"": 1.9000000000000006}",5035.199999999928,345
"{""perditaMassima"": 1.8000000000000005, ""vincitaMassima"": 2.500000000000001}",5024.399999999925,264
"{""perditaMassima"": 1.6000000000000003, ""vincitaMassima"": 1.3000000000000003}",4976.40000000018,482
"{""perditaMassima"": 1.7000000000000004, ""vincitaMassima"": 2.200000000000001}",4976.400000000001,360
"{""perditaMassima"": 2.1000000000000005, ""vincitaMassima"": 2.600000000000001}",4963.199999999997,232
"{""perditaMassima"": 1.9000000000000006, ""vincitaMassima"": 2.400000000000001}",4954.1999999999825,278
"{""perditaMassima"": 0.30000000000000004, ""vincitaMassima"": 1.9000000000000006}",4941.599999999906,550
"{""perditaMassima"": 1.5000000000000004, ""vincitaMassima"": 1.2000000000000004}",4932.59999999988,500
"{""perditaMassima"": 2.200000000000001, ""vincitaMassima"": 2.600000000000001}",4923.000000000023,228
"{""perditaMassima"": 0.4000000000000001, ""vincitaMassima"": 2.000000000000001}",4915.799999999921,542
"{""perditaMassima"": 1.4000000000000004, ""vincitaMassima"": 2.9000000000000012}",4894.799999999963,275
"{""perditaMassima"": 2.200000000000001, ""vincitaMassima"": 2.500000000000001}",4889.400000000059,239
"{""perditaMassima"": 1.1000000000000003, ""vincitaMassima"": 1.2000000000000004}",4880.999999999964,538
"{""perditaMassima"": 2.200000000000001, ""vincitaMassima"": 2.3000000000000007}",4873.800000000141,296
"{""perditaMassima"": 1.6000000000000003, ""vincitaMassima"": 2.400000000000001}",4872.600000000082,281
"{""perditaMassima"": 0.2, ""vincitaMassima"": 1.9000000000000006}",4864.800000000123,559
"{""perditaMassima"": 0.2, ""vincitaMassima"": 1.5000000000000004}",4834.800000000098,584
"{""perditaMassima"": 1.4000000000000004, ""vincitaMassima"": 2.800000000000001}",4833.5999999999885,281
"{""perditaMassima"": 0.9000000000000001, ""vincitaMassima"": 2.200000000000001}",4831.799999999853,439
"{""perditaMassima"": 1.1000000000000003, ""vincitaMassima"": 2.800000000000001}",4828.800000000085,335
"{""perditaMassima"": 1.4000000000000004, ""vincitaMassima"": 1.3000000000000003}",4819.200000000041,496
"{""perditaMassima"": 1.0000000000000002, ""vincitaMassima"": 1.3000000000000003}",4810.20000000009,531
"{""perditaMassima"": 2.1000000000000005, ""vincitaMassima"": 2.500000000000001}",4786.200000000037,238
"{""perditaMassima"": 1.0000000000000002, ""vincitaMassima"": 2.800000000000001}",4768.800000000021,339
"{""perditaMassima"": 1.3000000000000003, ""vincitaMassima"": 1.1000000000000003}",4767.599999999811,526
"{""perditaMassima"": 1.9000000000000006, ""vincitaMassima"": 2.700000000000001}",4751.399999999883,272
"{""perditaMassima"": 1.3000000000000003, ""vincitaMassima"": 2.700000000000001}",4742.999999999822,373
"{""perditaMassima"": 0.2, ""vincitaMassima"": 2.9000000000000012}",4742.400000000122,535
"{""perditaMassima"": 0.2, ""vincitaMassima"": 1.8000000000000005}",4735.200000000153,563
"{""perditaMassima"": 1.4000000000000004, ""vincitaMassima"": 1.8000000000000005}",4720.200000000001,345
"{""perditaMassima"": 1.5000000000000004, ""vincitaMassima"": 1.9000000000000006}",4715.400000000025,329
"{""perditaMassima"": 1.8000000000000005, ""vincitaMassima"": 2.400000000000001}",4712.3999999999605,258
"{""perditaMassima"": 2.3000000000000007, ""vincitaMassima"": 2.3000000000000007}",4702.2,292
"{""perditaMassima"": 1.8000000000000005, ""vincitaMassima"": 1.8000000000000005}",4701.599999999978,312
"{""perditaMassima"": 1.4000000000000004, ""vincitaMassima"": 1.2000000000000004}",4699.199999999819,510
"{""perditaMassima"": 1.6000000000000003, ""vincitaMassima"": 2.500000000000001}",4698.600000000048,271
"{""perditaMassima"": 2.800000000000001, ""vincitaMassima"": 2.600000000000001}",4693.799999999923,197
"{""perditaMassima"": 1.9000000000000006, ""vincitaMassima"": 1.3000000000000003}",4687.200000000051,424
"{""perditaMassima"": 1.6000000000000003, ""vincitaMassima"": 2.200000000000001}",4681.199999999967,365
"{""perditaMassima"": 1.6000000000000003, ""vincitaMassima"": 1.2000000000000004}",4666.199999999949,491
"{""perditaMassima"": 1.0000000000000002, ""vincitaMassima"": 1.2000000000000004}",4656.5999999998885,540
"{""perditaMassima"": 2.000000000000001, ""vincitaMassima"": 2.400000000000001}",4651.800000000033,252
"{""perditaMassima"": 1.3000000000000003, ""vincitaMassima"": 1.0000000000000002}",4636.79999999988,532
"{""perditaMassima"": 2.600000000000001, ""vincitaMassima"": 2.600000000000001}",4633.199999999989,213
"{""perditaMassima"": 0.8000000000000003, ""vincitaMassima"": 1.3000000000000003}",4628.999999999976,531
"{""perditaMassima"": 0.8000000000000003, ""vincitaMassima"": 1.2000000000000004}",4625.399999999794,552
"{""perditaMassima"": 2.700000000000001, ""vincitaMassima"": 2.600000000000001}",4587.000000000004,215
"{""perditaMassima"": 0.7000000000000002, ""vincitaMassima"": 1.3000000000000003}",4573.200000000192,544
"{""perditaMassima"": 0.2, ""vincitaMassima"": 1.7000000000000004}",4552.200000000033,561
"{""perditaMassima"": 0.30000000000000004, ""vincitaMassima"": 1.8000000000000005}",4552.199999999933,552
"{""perditaMassima"": 1.7000000000000004, ""vincitaMassima"": 2.800000000000001}",4539.600000000101,237
"{""perditaMassima"": 1.0000000000000002, ""vincitaMassima"": 1.7000000000000004}",4520.999999999907,369
"{""perditaMassima"": 1.1000000000000003, ""vincitaMassima"": 1.1000000000000003}",4506.600000000004,540
"{""perditaMassima"": 2.000000000000001, ""vincitaMassima"": 2.700000000000001}",4503.599999999935,238
"{""perditaMassima"": 1.9000000000000006, ""vincitaMassima"": 1.9000000000000006}",4502.99999999998,304
"{""perditaMassima"": 0.5000000000000001, ""vincitaMassima"": 2.200000000000001}",4482.599999999928,416
"{""perditaMassima"": 0.30000000000000004, ""vincitaMassima"": 1.6000000000000003}",4477.799999999841,562
"{""perditaMassima"": 1.7000000000000004, ""vincitaMassima"": 2.000000000000001}",4465.80000000005,278
"{""perditaMassima"": 1.2000000000000004, ""vincitaMassima"": 1.3000000000000003}",4464.000000000231,519
"{""perditaMassima"": 0.2, ""vincitaMassima"": 1.6000000000000003}",4447.200000000064,570
"{""perditaMassima"": 1.5000000000000004, ""vincitaMassima"": 1.7000000000000004}",4439.399999999908,338
"{""perditaMassima"": 0.7000000000000002, ""vincitaMassima"": 1.2000000000000004}",4435.200000000016,560
"{""perditaMassima"": 1.8000000000000005, ""vincitaMassima"": 1.3000000000000003}",4420.199999999993,431
"{""perditaMassima"": 2.600000000000001, ""vincitaMassima"": 2.800000000000001}",4418.400000000086,217
"{""perditaMassima"": 0.9000000000000001, ""vincitaMassima"": 1.2000000000000004}",4415.999999999843,524
"{""perditaMassima"": 2.200000000000001, ""vincitaMassima"": 2.400000000000001}",4389.0000000000855,242
"{""perditaMassima"": 2.1000000000000005, ""vincitaMassima"": 2.700000000000001}",4380.5999999999785,246
"{""perditaMassima"": 1.3000000000000003, ""vincitaMassima"": 0.6000000000000001}",4378.199999999835,554
"{""perditaMassima"": 1.8000000000000005, ""vincitaMassima"": 2.1000000000000005}",4375.799999999867,303
"{""perditaMassima"": 0.30000000000000004, ""vincitaMassima"": 1.3000000000000003}",4367.399999999938,569
"{""perditaMassima"": 0.9000000000000001, ""vincitaMassima"": 2.9000000000000012}",4351.199999999939,330
"{""perditaMassima"": 1.7000000000000004, ""vincitaMassima"": 1.5000000000000004}",4346.40000000006,336
"{""perditaMassima"": 1.2000000000000004, ""vincitaMassima"": 1.2000000000000004}",4341.000000000027,531
"{""perditaMassima"": 2.1000000000000005, ""vincitaMassima"": 2.3000000000000007}",4330.800000000107,282
"{""perditaMassima"": 1.8000000000000005, ""vincitaMassima"": 2.3000000000000007}",4324.199999999985,300
"{""perditaMassima"": 0.30000000000000004, ""vincitaMassima"": 1.5000000000000004}",4316.999999999868,563
"{""perditaMassima"": 1.9000000000000006, ""vincitaMassima"": 2.600000000000001}",4312.199999999917,248
"{""perditaMassima"": 0.6000000000000001, ""vincitaMassima"": 1.3000000000000003}",4309.200000000133,543
"{""perditaMassima"": 1.7000000000000004, ""vincitaMassima"": 1.7000000000000004}",4308.599999999976,292
"{""perditaMassima"": 2.1000000000000005, ""vincitaMassima"": 2.400000000000001}",4297.800000000067,241
"{""perditaMassima"": 0.9000000000000001, ""vincitaMassima"": 2.000000000000001}",4297.799999999941,320
"{""perditaMassima"": 2.000000000000001, ""vincitaMassima"": 1.7000000000000004}",4262.999999999884,351
"{""perditaMassima"": 0.9000000000000001, ""vincitaMassima"": 1.3000000000000003}",4260.000000000024,499
"{""perditaMassima"": 0.8000000000000003, ""vincitaMassima"": 2.1000000000000005}",4254.599999999853,376
"{""perditaMassima"": 2.700000000000001, ""vincitaMassima"": 2.800000000000001}",4253.400000000106,218
"{""perditaMassima"": 1.6000000000000003, ""vincitaMassima"": 1.1000000000000003}",4246.199999999997,478
"{""perditaMassima"": 1.3000000000000003, ""vincitaMassima"": 1.5000000000000004}",4240.799999999883,369
"{""perditaMassima"": 2.000000000000001, ""vincitaMassima"": 2.600000000000001}",4238.399999999965,218
"{""perditaMassima"": 0.2, ""vincitaMassima"": 1.4000000000000004}",4237.800000000112,569
"{""perditaMassima"": 2.9000000000000012, ""vincitaMassima"": 2.600000000000001}",4233.599999999938,199
"{""perditaMassima"": 2.200000000000001, ""vincitaMassima"": 2.200000000000001}",4230.599999999984,326
"{""perditaMassima"": 0.9000000000000001, ""vincitaMassima"": 1.5000000000000004}",4220.999999999927,378
"{""perditaMassima"": 0.5000000000000001, ""vincitaMassima"": 1.3000000000000003}",4191.000000000057,547
"{""perditaMassima"": 1.2000000000000004, ""vincitaMassima"": 2.9000000000000012}",4179.000000000096,305
"{""perditaMassima"": 1.1000000000000003, ""vincitaMassima"": 1.0000000000000002}",4178.400000000065,545
"{""perditaMassima"": 1.5000000000000004, ""vincitaMassima"": 2.1000000000000005}",4177.79999999995,285
"{""perditaMassima"": 1.9000000000000006, ""vincitaMassima"": 2.800000000000001}",4152.599999999999,221
"{""perditaMassima"": 2.3000000000000007, ""vincitaMassima"": 2.600000000000001}",4112.399999999913,225
"{""perditaMassima"": 0.5000000000000001, ""vincitaMassima"": 2.9000000000000012}",4086.599999999987,380
"{""perditaMassima"": 1.5000000000000004, ""vincitaMassima"": 1.0000000000000002}",4081.200000000004,497
"{""perditaMassima"": 1.7000000000000004, ""vincitaMassima"": 1.2000000000000004}",4066.7999999999965,457
"{""perditaMassima"": 2.600000000000001, ""vincitaMassima"": 2.700000000000001}",4062.5999999999667,226
"{""perditaMassima"": 1.9000000000000006, ""vincitaMassima"": 1.2000000000000004}",4043.399999999837,428
"{""perditaMassima"": 0.5000000000000001, ""vincitaMassima"": 2.1000000000000005}",4038.5999999999444,400
"{""perditaMassima"": 1.0000000000000002, ""vincitaMassima"": 1.5000000000000004}",4030.7999999999697,388
"{""perditaMassima"": 1.4000000000000004, ""vincitaMassima"": 1.7000000000000004}",4016.399999999863,340
"{""perditaMassima"": 0.7000000000000002, ""vincitaMassima"": 1.5000000000000004}",4014.6000000000427,400
"{""perditaMassima"": 2.1000000000000005, ""vincitaMassima"": 2.800000000000001}",4012.800000000072,185
"{""perditaMassima"": 0.7000000000000002, ""vincitaMassima"": 1.6000000000000003}",4011.6000000000145,397
"{""perditaMassima"": 1.0000000000000002, ""vincitaMassima"": 1.1000000000000003}",3985.7999999999306,539
"{""perditaMassima"": 0.30000000000000004, ""vincitaMassima"": 1.2000000000000004}",3983.999999999819,570
"{""perditaMassima"": 1.8000000000000005, ""vincitaMassima"": 1.2000000000000004}",3978.5999999997794,433
"{""perditaMassima"": 2.200000000000001, ""vincitaMassima"": 1.6000000000000003}",3965.400000000008,329
"{""perditaMassima"": 1.9000000000000006, ""vincitaMassima"": 2.000000000000001}",3958.799999999943,282
"{""perditaMassima"": 0.7000000000000002, ""vincitaMassima"": 1.1000000000000003}",3949.20000000005,555
"{""perditaMassima"": 1.3000000000000003, ""vincitaMassima"": 0.9000000000000001}",3934.799999999953,521
"{""perditaMassima"": 1.8000000000000005, ""vincitaMassima"": 0.6000000000000001}",3934.199999999837,486
"{""perditaMassima"": 0.9000000000000001, ""vincitaMassima"": 2.1000000000000005}",3926.399999999909,324
"{""perditaMassima"": 2.3000000000000007, ""vincitaMassima"": 2.500000000000001}",3917.999999999943,235
"{""perditaMassima"": 0.8000000000000003, ""vincitaMassima"": 1.1000000000000003}",3903.599999999833,548
"{""perditaMassima"": 1.9000000000000006, ""vincitaMassima"": 2.500000000000001}",3902.999999999947,251
"{""perditaMassima"": 1.8000000000000005, ""vincitaMassima"": 2.800000000000001}",3895.1999999999734,251
"{""perditaMassima"": 1.9000000000000006, ""vincitaMassima"": 2.1000000000000005}",3882.5999999998967,303
"{""perditaMassima"": 2.9000000000000012, ""vincitaMassima"": 2.500000000000001}",3881.39999999997,201
"{""perditaMassima"": 1.0000000000000002, ""vincitaMassima"": 2.9000000000000012}",3877.1999999999884,318
"{""perditaMassima"": 0.2, ""vincitaMassima"": 1.3000000000000003}",3874.2000000001312,563
"{""perditaMassima"": 2.3000000000000007, ""vincitaMassima"": 2.400000000000001}",3859.199999999976,232
"{""perditaMassima"": 0.5000000000000001, ""vincitaMassima"": 2.700000000000001}",3851.39999999993,386
"{""perditaMassima"": 2.700000000000001, ""vincitaMassima"": 2.700000000000001}",3849.599999999985,223
"{""perditaMassima"": 0.9000000000000001, ""vincitaMassima"": 1.9000000000000006}",3842.399999999966,313
"{""perditaMassima"": 0.5000000000000001, ""vincitaMassima"": 2.800000000000001}",3841.200000000002,383
"{""perditaMassima"": 1.6000000000000003, ""vincitaMassima"": 2.1000000000000005}",3835.800000000001,260
"{""perditaMassima"": 1.0000000000000002, ""vincitaMassima"": 1.8000000000000005}",3829.2000000000276,323
"{""perditaMassima"": 0.5000000000000001, ""vincitaMassima"": 1.2000000000000004}",3807.599999999916,551
"{""perditaMassima"": 2.3000000000000007, ""vincitaMassima"": 2.200000000000001}",3803.999999999826,320
"{""perditaMassima"": 1.7000000000000004, ""vincitaMassima"": 1.8000000000000005}",3798.6000000001104,286
"{""perditaMassima"": 1.4000000000000004, ""vincitaMassima"": 1.1000000000000003}",3796.19999999987,492
"{""perditaMassima"": 1.5000000000000004, ""vincitaMassima"": 1.1000000000000003}",3794.3999999999273,477
"{""perditaMassima"": 0.8000000000000003, ""vincitaMassima"": 1.6000000000000003}",3793.799999999856,386
"{""perditaMassima"": 1.7000000000000004, ""vincitaMassima"": 0.8000000000000003}",3792.000000000186,436
"{""perditaMassima"": 0.6000000000000001, ""vincitaMassima"": 2.200000000000001}",3788.999999999977,394
"{""perditaMassima"": 1.8000000000000005, ""vincitaMassima"": 0.5000000000000001}",3787.7999999999197,491
"{""perditaMassima"": 1.8000000000000005, ""vincitaMassima"": 1.9000000000000006}",3783.5999999999444,285
"{""perditaMassima"": 1.4000000000000004, ""vincitaMassima"": 1.0000000000000002}",3775.799999999937,507
"{""perditaMassima"": 1.0000000000000002, ""vincitaMassima"": 2.500000000000001}",3768.5999999999813,183
"{""perditaMassima"": 1.4000000000000004, ""vincitaMassima"": 0.6000000000000001}",3765.599999999871,534
"{""perditaMassima"": 2.400000000000001, ""vincitaMassima"": 2.600000000000001}",3758.9999999999345,219
"{""perditaMassima"": 1.7000000000000004, ""vincitaMassima"": 0.9000000000000001}",3755.4000000001524,446
"{""perditaMassima"": 1.6000000000000003, ""vincitaMassima"": 2.000000000000001}",3738.0000000000346,269
"{""perditaMassima"": 1.2000000000000004, ""vincitaMassima"": 1.1000000000000003}",3736.200000000055,525
"{""perditaMassima"": 0.4000000000000001, ""vincitaMassima"": 1.9000000000000006}",3721.7999999999574,503
"{""perditaMassima"": 1.3000000000000003, ""vincitaMassima"": 1.6000000000000003}",3716.3999999998564,347
"{""perditaMassima"": 1.7000000000000004, ""vincitaMassima"": 1.9000000000000006}",3712.2000000000835,271
"{""perditaMassima"": 1.8000000000000005, ""vincitaMassima"": 1.1000000000000003}",3700.199999999832,431
"{""perditaMassima"": 2.800000000000001, ""vincitaMassima"": 2.500000000000001}",3692.9999999999495,199
"{""perditaMassima"": 0.8000000000000003, ""vincitaMassima"": 1.4000000000000004}",3690.599999999928,386
"{""perditaMassima"": 1.7000000000000004, ""vincitaMassima"": 1.1000000000000003}",3678.000000000036,449
"{""perditaMassima"": 1.8000000000000005, ""vincitaMassima"": 2.000000000000001}",3673.7999999999183,255
"{""perditaMassima"": 0.9000000000000001, ""vincitaMassima"": 1.8000000000000005}",3656.3999999999915,312
"{""perditaMassima"": 1.4000000000000004, ""vincitaMassima"": 1.5000000000000004}",3643.7999999999292,354
"{""perditaMassima"": 2.000000000000001, ""vincitaMassima"": 2.500000000000001}",3631.7999999999915,227
"{""perditaMassima"": 1.6000000000000003, ""vincitaMassima"": 1.5000000000000004}",3624.0000000000337,339
"{""perditaMassima"": 1.0000000000000002, ""vincitaMassima"": 2.400000000000001}",3623.3999999999933,184
"{""perditaMassima"": 1.5000000000000004, ""vincitaMassima"": 1.5000000000000004}",3615.599999999981,347
"{""perditaMassima"": 2.500000000000001, ""vincitaMassima"": 2.600000000000001}",3604.1999999999566,218
"{""perditaMassima"": 2.200000000000001, ""vincitaMassima"": 2.9000000000000012}",3601.8000000000584,192
"{""perditaMassima"": 0.9000000000000001, ""vincitaMassima"": 1.1000000000000003}",3601.7999999998815,515
"{""perditaMassima"": 1.5000000000000004, ""vincitaMassima"": 0.6000000000000001}",3600.599999999925,513
"{""perditaMassima"": 1.8000000000000005, ""vincitaMassima"": 0.4000000000000001}",3590.9999999999873,491
"{""perditaMassima"": 1.9000000000000006, ""vincitaMassima"": 2.200000000000001}",3584.999999999945,153
"{""perditaMassima"": 2.400000000000001, ""vincitaMassima"": 2.400000000000001}",3583.7999999999984,228
"{""perditaMassima"": 1.1000000000000003, ""vincitaMassima"": 0.6000000000000001}",3583.199999999989,562
"{""perditaMassima"": 2.1000000000000005, ""vincitaMassima"": 2.200000000000001}",3575.9999999999554,308
"{""perditaMassima"": 1.1000000000000003, ""vincitaMassima"": 1.9000000000000006}",3575.40000000006,317
"{""perditaMassima"": 1.6000000000000003, ""vincitaMassima"": 0.8000000000000003}",3558.6000000001536,456
"{""perditaMassima"": 1.1000000000000003, ""vincitaMassima"": 1.6000000000000003}",3547.799999999997,361
"{""perditaMassima"": 1.7000000000000004, ""vincitaMassima"": 0.4000000000000001}",3543.0000000001482,487
"{""perditaMassima"": 1.9000000000000006, ""vincitaMassima"": 0.6000000000000001}",3539.399999999875,478
"{""perditaMassima"": 1.5000000000000004, ""vincitaMassima"": 2.800000000000001}",3535.800000000032,251
"{""perditaMassima"": 2.400000000000001, ""vincitaMassima"": 2.500000000000001}",3528.5999999999685,225
"{""perditaMassima"": 1.2000000000000004, ""vincitaMassima"": 0.6000000000000001}",3528.000000000038,557
"{""perditaMassima"": 0.8000000000000003, ""vincitaMassima"": 1.5000000000000004}",3526.799999999887,386
"{""perditaMassima"": 2.9000000000000012, ""vincitaMassima"": 2.700000000000001}",3523.7999999999097,196
"{""perditaMassima"": 1.7000000000000004, ""vincitaMassima"": 1.6000000000000003}",3522.600000000004,292
"{""perditaMassima"": 2.200000000000001, ""vincitaMassima"": 1.4000000000000004}",3517.8000000001202,344
"{""perditaMassima"": 0.4000000000000001, ""vincitaMassima"": 1.8000000000000005}",3514.7999999999815,505
"{""perditaMassima"": 1.3000000000000003, ""vincitaMassima"": 1.7000000000000004}",3513.599999999845,311
"{""perditaMassima"": 2.3000000000000007, ""vincitaMassima"": 2.700000000000001}",3507.599999999877,238
"{""perditaMassima"": 2.600000000000001, ""vincitaMassima"": 2.500000000000001}",3497.4000000000187,214
"{""perditaMassima"": 1.9000000000000006, ""vincitaMassima"": 0.5000000000000001}",3493.799999999959,485
"{""perditaMassima"": 2.3000000000000007, ""vincitaMassima"": 2.1000000000000005}",3492.5999999998908,272
"{""perditaMassima"": 1.7000000000000004, ""vincitaMassima"": 0.5000000000000001}",3489.6000000000827,481
"{""perditaMassima"": 1.6000000000000003, ""vincitaMassima"": 1.7000000000000004}",3489.5999999999626,301
"{""perditaMassima"": 1.2000000000000004, ""vincitaMassima"": 1.0000000000000002}",3485.40000000012,537
"{""perditaMassima"": 0.30000000000000004, ""vincitaMassima"": 1.1000000000000003}",3476.9999999998545,567
"{""perditaMassima"": 0.30000000000000004, ""vincitaMassima"": 1.7000000000000004}",3467.999999999827,515
"{""perditaMassima"": 2.000000000000001, ""vincitaMassima"": 1.6000000000000003}",3462.5999999999417,324
"{""perditaMassima"": 1.5000000000000004, ""vincitaMassima"": 1.8000000000000005}",3454.80000000004,298
"{""perditaMassima"": 1.1000000000000003, ""vincitaMassima"": 0.5000000000000001}",3453.0000000000605,557
"{""perditaMassima"": 1.6000000000000003, ""vincitaMassima"": 0.9000000000000001}",3450.600000000124,458
"{""perditaMassima"": 2.3000000000000007, ""vincitaMassima"": 1.7000000000000004}",3443.399999999815,326
"{""perditaMassima"": 1.9000000000000006, ""vincitaMassima"": 2.9000000000000012}",3440.3999999999705,213
"{""perditaMassima"": 1.6000000000000003, ""vincitaMassima"": 1.0000000000000002}",3435.000000000066,473
"{""perditaMassima"": 1.5000000000000004, ""vincitaMassima"": 0.9000000000000001}",3426.600000000072,480
"{""perditaMassima"": 1.9000000000000006, ""vincitaMassima"": 1.8000000000000005}",3422.4000000000015,291
"{""perditaMassima"": 1.5000000000000004, ""vincitaMassima"": 0.8000000000000003}",3420.0000000001014,471
"{""perditaMassima"": 0.6000000000000001, ""vincitaMassima"": 1.2000000000000004}",3414.599999999982,533
"{""perditaMassima"": 1.6000000000000003, ""vincitaMassima"": 0.6000000000000001}",3412.79999999997,496
"{""perditaMassima"": 1.1000000000000003, ""vincitaMassima"": 1.5000000000000004}",3407.4000000000356,368
"{""perditaMassima"": 1.9000000000000006, ""vincitaMassima"": 0.4000000000000001}",3404.4000000000324,485
"{""perditaMassima"": 2.3000000000000007, ""vincitaMassima"": 2.800000000000001}",3403.799999999983,199
"{""perditaMassima"": 0.30000000000000004, ""vincitaMassima"": 1.4000000000000004}",3401.3999999999205,528
"{""perditaMassima"": 1.6000000000000003, ""vincitaMassima"": 1.8000000000000005}",3399.0000000000855,290
"{""perditaMassima"": 1.3000000000000003, ""vincitaMassima"": 1.8000000000000005}",3389.999999999962,308
"{""perditaMassima"": 2.1000000000000005, ""vincitaMassima"": 1.7000000000000004}",3389.9999999999436,314
"{""perditaMassima"": 2.1000000000000005, ""vincitaMassima"": 1.6000000000000003}",3388.1999999999816,315
"{""perditaMassima"": 1.1000000000000003, ""vincitaMassima"": 0.9000000000000001}",3387.00000000012,531
"{""perditaMassima"": 1.1000000000000003, ""vincitaMassima"": 1.8000000000000005}",3387.0000000000805,317
"{""perditaMassima"": 2.000000000000001, ""vincitaMassima"": 2.200000000000001}",3383.3999999999714,148
"{""perditaMassima"": 1.3000000000000003, ""vincitaMassima"": 0.5000000000000001}",3383.3999999999155,535
"{""perditaMassima"": 2.200000000000001, ""vincitaMassima"": 1.5000000000000004}",3381.000000000068,342
"{""perditaMassima"": 0.8000000000000003, ""vincitaMassima"": 1.0000000000000002}",3373.7999999998874,551
"{""perditaMassima"": 1.8000000000000005, ""vincitaMassima"": 0.8000000000000003}",3371.4000000000174,416
"{""perditaMassima"": 1.2000000000000004, ""vincitaMassima"": 1.7000000000000004}",3368.4000000000074,323
"{""perditaMassima"": 1.8000000000000005, ""vincitaMassima"": 0.30000000000000004}",3365.40000000004,493
"{""perditaMassima"": 1.3000000000000003, ""vincitaMassima"": 2.9000000000000012}",3365.3999999999196,271
"{""perditaMassima"": 2.1000000000000005, ""vincitaMassima"": 0.30000000000000004}",3363.000000000146,469
"{""perditaMassima"": 0.7000000000000002, ""vincitaMassima"": 2.000000000000001}",3351.6000000000445,341
"{""perditaMassima"": 1.7000000000000004, ""vincitaMassima"": 0.6000000000000001}",3350.9999999999973,482
"{""perditaMassima"": 2.500000000000001, ""vincitaMassima"": 2.500000000000001}",3348.5999999999913,223
"{""perditaMassima"": 2.9000000000000012, ""vincitaMassima"": 2.800000000000001}",3343.800000000019,191
"{""perditaMassima"": 1.2000000000000004, ""vincitaMassima"": 2.400000000000001}",3337.20000000005,180
"{""perditaMassima"": 1.3000000000000003, ""vincitaMassima"": 0.8000000000000003}",3324.6000000000035,499
"{""perditaMassima"": 0.8000000000000003, ""vincitaMassima"": 1.8000000000000005}",3310.1999999999466,350
"{""perditaMassima"": 1.7000000000000004, ""vincitaMassima"": 1.0000000000000002}",3308.400000000091,439
"{""perditaMassima"": 1.8000000000000005, ""vincitaMassima"": 0.9000000000000001}",3306.599999999974,411
"{""perditaMassima"": 1.6000000000000003, ""vincitaMassima"": 1.9000000000000006}",3303.000000000063,275
"{""perditaMassima"": 0.8000000000000003, ""vincitaMassima"": 2.000000000000001}",3298.7999999999015,332
"{""perditaMassima"": 2.000000000000001, ""vincitaMassima"": 0.6000000000000001}",3297.5999999999085,459
"{""perditaMassima"": 0.4000000000000001, ""vincitaMassima"": 1.7000000000000004}",3297.5999999998685,507
"{""perditaMassima"": 0.4000000000000001, ""vincitaMassima"": 1.2000000000000004}",3296.9999999998636,555
"{""perditaMassima"": 0.7000000000000002, ""vincitaMassima"": 1.9000000000000006}",3287.4000000000656,342
"{""perditaMassima"": 2.700000000000001, ""vincitaMassima"": 2.500000000000001}",3287.400000000035,215
"{""perditaMassima"": 1.0000000000000002, ""vincitaMassima"": 1.0000000000000002}",3286.7999999999897,540
"{""perditaMassima"": 0.4000000000000001, ""vincitaMassima"": 1.6000000000000003}",3279.599999999893,522
"{""perditaMassima"": 0.7000000000000002, ""vincitaMassima"": 1.0000000000000002}",3273.0000000001,559
"{""perditaMassima"": 0.2, ""vincitaMassima"": 1.2000000000000004}",3271.8000000000247,555
"{""perditaMassima"": 1.3000000000000003, ""vincitaMassima"": 2.400000000000001}",3271.799999999962,179
"{""perditaMassima"": 1.7000000000000004, ""vincitaMassima"": 0.30000000000000004}",3270.0000000001896,494
"{""perditaMassima"": 1.7000000000000004, ""vincitaMassima"": 0.7000000000000002}",3268.7999999999456,457
"{""perditaMassima"": 2.9000000000000012, ""vincitaMassima"": 2.3000000000000007}",3267.600000000019,210
"{""perditaMassima"": 1.8000000000000005, ""vincitaMassima"": 2.200000000000001}",3260.99999999993,152
"{""perditaMassima"": 1.5000000000000004, ""vincitaMassima"": 0.7000000000000002}",3257.9999999998736,492
"{""perditaMassima"": 2.800000000000001, ""vincitaMassima"": 2.700000000000001}",3247.19999999989,211
"{""perditaMassima"": 1.3000000000000003, ""vincitaMassima"": 0.7000000000000002}",3245.999999999777,519
"{""perditaMassima"": 1.0000000000000002, ""vincitaMassima"": 1.6000000000000003}",3241.7999999999433,332
"{""perditaMassima"": 1.1000000000000003, ""vincitaMassima"": 0.7000000000000002}",3237.5999999999403,541
"{""perditaMassima"": 1.1000000000000003, ""vincitaMassima"": 2.500000000000001}",3208.200000000017,182
"{""perditaMassima"": 0.7000000000000002, ""vincitaMassima"": 1.8000000000000005}",3192.6000000000863,340
"{""perditaMassima"": 2.400000000000001, ""vincitaMassima"": 2.3000000000000007}",3191.4000000000283,264
"{""perditaMassima"": 0.5000000000000001, ""vincitaMassima"": 1.4000000000000004}",3191.399999999991,370
"{""perditaMassima"": 1.1000000000000003, ""vincitaMassima"": 2.400000000000001}",3188.400000000029,184
"{""perditaMassima"": 2.9000000000000012, ""vincitaMassima"": 2.400000000000001}",3185.3999999999955,203
"{""perditaMassima"": 0.9000000000000001, ""vincitaMassima"": 2.800000000000001}",3164.9999999999636,314
"{""perditaMassima"": 0.5000000000000001, ""vincitaMassima"": 1.8000000000000005}",3157.8000000000134,363
"{""perditaMassima"": 2.800000000000001, ""vincitaMassima"": 2.800000000000001}",3156.000000000001,203
"{""perditaMassima"": 1.2000000000000004, ""vincitaMassima"": 2.500000000000001}",3155.400000000036,179
"{""perditaMassima"": 0.7000000000000002, ""vincitaMassima"": 1.7000000000000004}",3155.39999999999,343
"{""perditaMassima"": 2.500000000000001, ""vincitaMassima"": 2.700000000000001}",3154.199999999931,227
"{""perditaMassima"": 1.8000000000000005, ""vincitaMassima"": 1.5000000000000004}",3151.7999999998992,311
"{""perditaMassima"": 2.1000000000000005, ""vincitaMassima"": 1.4000000000000004}",3150.0000000000855,322
"{""perditaMassima"": 0.4000000000000001, ""vincitaMassima"": 1.5000000000000004}",3148.7999999999256,525
"{""perditaMassima"": 2.000000000000001, ""vincitaMassima"": 2.1000000000000005}",3136.199999999948,290
"{""perditaMassima"": 0.8000000000000003, ""vincitaMassima"": 1.9000000000000006}",3136.1999999999275,333
"{""perditaMassima"": 1.2000000000000004, ""vincitaMassima"": 0.9000000000000001}",3118.8000000001784,524
"{""perditaMassima"": 1.0000000000000002, ""vincitaMassima"": 0.6000000000000001}",3116.99999999993,565
"{""perditaMassima"": 1.5000000000000004, ""vincitaMassima"": 2.9000000000000012}",3105.600000000002,238
"{""perditaMassima"": 1.8000000000000005, ""vincitaMassima"": 0.2}",3097.7999999998233,499
"{""perditaMassima"": 2.1000000000000005, ""vincitaMassima"": 0.5000000000000001}",3097.2000000000335,438
"{""perditaMassima"": 2.400000000000001, ""vincitaMassima"": 1.7000000000000004}",3092.9999999998618,303
"{""perditaMassima"": 0.4000000000000001, ""vincitaMassima"": 1.3000000000000003}",3089.9999999999786,529
"{""perditaMassima"": 2.800000000000001, ""vincitaMassima"": 2.3000000000000007}",3088.8000000000015,215
"{""perditaMassima"": 2.9000000000000012, ""vincitaMassima"": 1.7000000000000004}",3077.99999999987,277
"{""perditaMassima"": 2.600000000000001, ""vincitaMassima"": 2.9000000000000012}",3076.2000000000526,211
"{""perditaMassima"": 0.4000000000000001, ""vincitaMassima"": 1.4000000000000004}",3076.1999999999634,515
"{""perditaMassima"": 2.000000000000001, ""vincitaMassima"": 0.30000000000000004}",3074.400000000112,480
"{""perditaMassima"": 2.000000000000001, ""vincitaMassima"": 1.4000000000000004}",3074.400000000048,330
"{""perditaMassima"": 1.7000000000000004, ""vincitaMassima"": 1.4000000000000004}",3073.800000000085,301
"{""perditaMassima"": 1.8000000000000005, ""vincitaMassima"": 1.0000000000000002}",3068.999999999904,414
"{""perditaMassima"": 0.9000000000000001, ""vincitaMassima"": 1.6000000000000003}",3064.1999999999107,321
"{""perditaMassima"": 2.800000000000001, ""vincitaMassima"": 2.400000000000001}",3058.1999999999725,203
"{""perditaMassima"": 0.9000000000000001, ""vincitaMassima"": 1.4000000000000004}",3054.599999999964,330
"{""perditaMassima"": 2.500000000000001, ""vincitaMassima"": 2.800000000000001}",3045.6000000000467,215
"{""perditaMassima"": 1.2000000000000004, ""vincitaMassima"": 1.5000000000000004}",3036.0000000000705,357
"{""perditaMassima"": 1.6000000000000003, ""vincitaMassima"": 0.4000000000000001}",3031.20000000012,488
"{""perditaMassima"": 0.7000000000000002, ""vincitaMassima"": 1.4000000000000004}",3031.2000000000676,356
"{""perditaMassima"": 2.400000000000001, ""vincitaMassima"": 2.700000000000001}",3022.199999999906,228
"{""perditaMassima"": 2.200000000000001, ""vincitaMassima"": 1.3000000000000003}",3018.0000000001633,358
"{""perditaMassima"": 2.1000000000000005, ""vincitaMassima"": 2.9000000000000012}",3012.6000000000404,179
"{""perditaMassima"": 2.700000000000001, ""vincitaMassima"": 0.5000000000000001}",3011.400000000051,419
"{""perditaMassima"": 2.200000000000001, ""vincitaMassima"": 0.5000000000000001}",3007.8000000000634,443
"{""perditaMassima"": 2.700000000000001, ""vincitaMassima"": 2.200000000000001}",3006.599999999969,274
"{""perditaMassima"": 1.0000000000000002, ""vincitaMassima"": 1.4000000000000004}",3006.000000000005,340
"{""perditaMassima"": 2.400000000000001, ""vincitaMassima"": 2.9000000000000012}",3000.5999999999826,165
"{""perditaMassima"": 0.6000000000000001, ""vincitaMassima"": 1.1000000000000003}",2993.4000000000074,531
"{""perditaMassima"": 0.5000000000000001, ""vincitaMassima"": 1.1000000000000003}",2987.399999999946,535
"{""perditaMassima"": 2.800000000000001, ""vincitaMassima"": 2.200000000000001}",2983.7999999998797,222
"{""perditaMassima"": 1.6000000000000003, ""vincitaMassima"": 0.7000000000000002}",2980.799999999921,464
"{""perditaMassima"": 2.200000000000001, ""vincitaMassima"": 0.4000000000000001}",2979.6000000001304,446
"{""perditaMassima"": 1.2000000000000004, ""vincitaMassima"": 0.5000000000000001}",2979.000000000104,538
"{""perditaMassima"": 0.5000000000000001, ""vincitaMassima"": 1.9000000000000006}",2977.1999999999985,356
"{""perditaMassima"": 1.1000000000000003, ""vincitaMassima"": 0.8000000000000003}",2974.8000000001525,509
"{""perditaMassima"": 2.200000000000001, ""vincitaMassima"": 0.8000000000000003}",2974.2000000001567,388
"{""perditaMassima"": 1.9000000000000006, ""vincitaMassima"": 0.9000000000000001}",2962.8000000000156,402
"{""perditaMassima"": 2.000000000000001, ""vincitaMassima"": 0.5000000000000001}",2957.3999999999955,466
"{""perditaMassima"": 1.8000000000000005, ""vincitaMassima"": 0.7000000000000002}",2957.399999999784,435
"{""perditaMassima"": 0.8000000000000003, ""vincitaMassima"": 1.7000000000000004}",2948.9999999998568,333
"{""perditaMassima"": 2.000000000000001, ""vincitaMassima"": 1.5000000000000004}",2942.9999999999955,328
"{""perditaMassima"": 2.400000000000001, ""vincitaMassima"": 2.1000000000000005}",2936.399999999931,242
"{""perditaMassima"": 0.6000000000000001, ""vincitaMassima"": 1.4000000000000004}",2934.60000000004,358
"{""perditaMassima"": 0.9000000000000001, ""vincitaMassima"": 1.7000000000000004}",2933.9999999998854,312
"{""perditaMassima"": 1.9000000000000006, ""vincitaMassima"": 0.8000000000000003}",2926.8000000000507,409
"{""perditaMassima"": 0.6000000000000001, ""vincitaMassima"": 1.6000000000000003}",2924.3999999999965,359
"{""perditaMassima"": 0.6000000000000001, ""vincitaMassima"": 2.000000000000001}",2923.800000000025,348
"{""perditaMassima"": 2.500000000000001, ""vincitaMassima"": 2.400000000000001}",2920.200000000018,226
"{""perditaMassima"": 1.4000000000000004, ""vincitaMassima"": 0.9000000000000001}",2917.200000000009,489
"{""perditaMassima"": 0.6000000000000001, ""vincitaMassima"": 1.9000000000000006}",2911.200000000043,345
"{""perditaMassima"": 2.3000000000000007, ""vincitaMassima"": 0.4000000000000001}",2911.200000000004,438
"{""perditaMassima"": 1.8000000000000005, ""vincitaMassima"": 1.6000000000000003}",2908.1999999998693,278
"{""perditaMassima"": 2.700000000000001, ""vincitaMassima"": 2.3000000000000007}",2895.600000000101,241
"{""perditaMassima"": 1.9000000000000006, ""vincitaMassima"": 0.30000000000000004}",2893.2000000000703,490
"{""perditaMassima"": 2.9000000000000012, ""vincitaMassima"": 2.1000000000000005}",2884.1999999999307,219
"{""perditaMassima"": 1.1000000000000003, ""vincitaMassima"": 2.9000000000000012}",2871.0000000000487,284
"{""perditaMassima"": 0.5000000000000001, ""vincitaMassima"": 1.5000000000000004}",2867.999999999973,368
"{""perditaMassima"": 1.4000000000000004, ""vincitaMassima"": 1.6000000000000003}",2849.999999999897,320
"{""perditaMassima"": 2.000000000000001, ""vincitaMassima"": 0.4000000000000001}",2849.400000000066,470
"{""perditaMassima"": 0.6000000000000001, ""vincitaMassima"": 2.1000000000000005}",2843.4,355
"{""perditaMassima"": 0.5000000000000001, ""vincitaMassima"": 2.000000000000001}",2843.3999999999833,213
"{""perditaMassima"": 1.0000000000000002, ""vincitaMassima"": 0.9000000000000001}",2837.4000000000497,532
"{""perditaMassima"": 2.1000000000000005, ""vincitaMassima"": 0.6000000000000001}",2836.799999999959,434
"{""perditaMassima"": 0.9000000000000001, ""vincitaMassima"": 1.0000000000000002}",2828.39999999993,516
"{""perditaMassima"": 2.700000000000001, ""vincitaMassima"": 0.4000000000000001}",2826.000000000113,428
"{""perditaMassima"": 0.6000000000000001, ""vincitaMassima"": 2.700000000000001}",2825.9999999999955,193
"{""perditaMassima"": 2.1000000000000005, ""vincitaMassima"": 0.4000000000000001}",2815.2000000001017,444
"{""perditaMassima"": 0.5000000000000001, ""vincitaMassima"": 1.6000000000000003}",2812.199999999955,360
"{""perditaMassima"": 1.3000000000000003, ""vincitaMassima"": 1.4000000000000004}",2803.199999999938,342
"{""perditaMassima"": 2.9000000000000012, ""vincitaMassima"": 2.200000000000001}",2798.9999999998995,217
"{""perditaMassima"": 2.3000000000000007, ""vincitaMassima"": 1.5000000000000004}",2795.9999999999104,340
"{""perditaMassima"": 1.6000000000000003, ""vincitaMassima"": 0.30000000000000004}",2791.2000000001603,503
"{""perditaMassima"": 1.6000000000000003, ""vincitaMassima"": 2.800000000000001}",2788.200000000075,212
"{""perditaMassima"": 1.2000000000000004, ""vincitaMassima"": 1.6000000000000003}",2785.20000000003,320
"{""perditaMassima"": 0.6000000000000001, ""vincitaMassima"": 1.5000000000000004}",2776.8000000000197,363
"{""perditaMassima"": 1.5000000000000004, ""vincitaMassima"": 0.5000000000000001}",2745.000000000005,491
"{""perditaMassima"": 2.1000000000000005, ""vincitaMassima"": 2.1000000000000005}",2738.9999999999936,261
"{""perditaMassima"": 0.8000000000000003, ""vincitaMassima"": 0.8000000000000003}",2726.9999999999804,520
"{""perditaMassima"": 1.6000000000000003, ""vincitaMassima"": 0.5000000000000001}",2725.8000000000497,480
"{""perditaMassima"": 0.7000000000000002, ""vincitaMassima"": 0.8000000000000003}",2721.000000000168,527
"{""perditaMassima"": 2.400000000000001, ""vincitaMassima"": 0.30000000000000004}",2716.800000000066,455
"{""perditaMassima"": 1.7000000000000004, ""vincitaMassima"": 0.2}",2711.999999999976,488
"{""perditaMassima"": 2.1000000000000005, ""vincitaMassima"": 1.5000000000000004}",2710.800000000036,319
"{""perditaMassima"": 2.3000000000000007, ""vincitaMassima"": 0.8000000000000003}",2707.2000000000266,369
"{""perditaMassima"": 1.8000000000000005, ""vincitaMassima"": 1.4000000000000004}",2695.1999999999443,277
"{""perditaMassima"": 1.5000000000000004, ""vincitaMassima"": 1.6000000000000003}",2692.799999999944,303
"{""perditaMassima"": 1.0000000000000002, ""vincitaMassima"": 0.5000000000000001}",2689.199999999992,543
"{""perditaMassima"": 2.200000000000001, ""vincitaMassima"": 0.6000000000000001}",2681.3999999999864,437
"{""perditaMassima"": 1.5000000000000004, ""vincitaMassima"": 0.4000000000000001}",2679.000000000071,491
"{""perditaMassima"": 1.4000000000000004, ""vincitaMassima"": 0.8000000000000003}",2665.8000000000397,472
"{""perditaMassima"": 2.1000000000000005, ""vincitaMassima"": 0.2}",2662.199999999924,466
"{""perditaMassima"": 2.400000000000001, ""vincitaMassima"": 2.200000000000001}",2659.7999999998847,278
"{""perditaMassima"": 1.6000000000000003, ""vincitaMassima"": 1.6000000000000003}",2653.1999999999884,295
"{""perditaMassima"": 1.4000000000000004, ""vincitaMassima"": 1.4000000000000004}",2652.599999999974,334
"{""perditaMassima"": 1.1000000000000003, ""vincitaMassima"": 1.7000000000000004}",2639.3999999999764,311
"{""perditaMassima"": 2.600000000000001, ""vincitaMassima"": 2.400000000000001}",2636.400000000045,216
"{""perditaMassima"": 0.5000000000000001, ""vincitaMassima"": 1.7000000000000004}",2632.1999999999357,348
"{""perditaMassima"": 1.9000000000000006, ""vincitaMassima"": 1.4000000000000004}",2612.3999999999724,270
"{""perditaMassima"": 1.7000000000000004, ""vincitaMassima"": 2.9000000000000012}",2605.8000000000643,201
"{""perditaMassima"": 1.9000000000000006, ""vincitaMassima"": 1.1000000000000003}",2598.5999999998817,392
"{""perditaMassima"": 2.3000000000000007, ""vincitaMassima"": 0.6000000000000001}",2593.1999999998507,427
"{""perditaMassima"": 2.600000000000001, ""vincitaMassima"": 2.3000000000000007}",2592.600000000079,229
"{""perditaMassima"": 2.500000000000001, ""vincitaMassima"": 0.30000000000000004}",2584.2000000001003,452
"{""perditaMassima"": 1.2000000000000004, ""vincitaMassima"": 0.7000000000000002}",2572.1999999999944,528
"{""perditaMassima"": 0.9000000000000001, ""vincitaMassima"": 0.8000000000000003}",2571.600000000017,500
"{""perditaMassima"": 0.6000000000000001, ""vincitaMassima"": 1.7000000000000004}",2569.1999999999784,337
"{""perditaMassima"": 2.700000000000001, ""vincitaMassima"": 0.6000000000000001}",2568.5999999999717,412
"{""perditaMassima"": 1.3000000000000003, ""vincitaMassima"": 0.4000000000000001}",2566.7999999999884,518
"{""perditaMassima"": 2.400000000000001, ""vincitaMassima"": 1.6000000000000003}",2560.7999999999024,302
"{""perditaMassima"": 1.9000000000000006, ""vincitaMassima"": 1.5000000000000004}",2559.599999999933,298
"{""perditaMassima"": 2.400000000000001, ""vincitaMassima"": 0.4000000000000001}",2555.4000000000296,431
"{""perditaMassima"": 1.3000000000000003, ""vincitaMassima"": 0.30000000000000004}",2539.200000000025,519
"{""perditaMassima"": 2.3000000000000007, ""vincitaMassima"": 0.5000000000000001}",2532.5999999999276,424
"{""perditaMassima"": 0.2, ""vincitaMassima"": 1.1000000000000003}",2522.400000000047,534
"{""perditaMassima"": 0.4000000000000001, ""vincitaMassima"": 1.1000000000000003}",2519.9999999998927,539
"{""perditaMassima"": 0.6000000000000001, ""vincitaMassima"": 1.8000000000000005}",2514.0000000000596,335
"{""perditaMassima"": 1.9000000000000006, ""vincitaMassima"": 1.6000000000000003}",2500.199999999899,265
"{""perditaMassima"": 2.400000000000001, ""vincitaMassima"": 0.2}",2497.1999999998475,461
"{""perditaMassima"": 1.4000000000000004, ""vincitaMassima"": 0.5000000000000001}",2485.799999999955,502
"{""perditaMassima"": 0.7000000000000002, ""vincitaMassima"": 0.9000000000000001}",2484.600000000143,536
"{""perditaMassima"": 0.8000000000000003, ""vincitaMassima"": 0.9000000000000001}",2482.7999999999447,528
"{""perditaMassima"": 2.500000000000001, ""vincitaMassima"": 2.3000000000000007}",2482.2000000000544,260
"{""perditaMassima"": 1.0000000000000002, ""vincitaMassima"": 0.8000000000000003}",2475.000000000066,504
"{""perditaMassima"": 2.200000000000001, ""vincitaMassima"": 0.30000000000000004}",2461.2000000001713,461
"{""perditaMassima"": 1.1000000000000003, ""vincitaMassima"": 1.4000000000000004}",2460.0000000000623,333
"{""perditaMassima"": 1.2000000000000004, ""vincitaMassima"": 0.8000000000000003}",2449.200000000202,501
"{""perditaMassima"": 1.2000000000000004, ""vincitaMassima"": 1.4000000000000004}",2446.2000000000958,330
"{""perditaMassima"": 2.400000000000001, ""vincitaMassima"": 2.800000000000001}",2446.200000000008,172
"{""perditaMassima"": 2.3000000000000007, ""vincitaMassima"": 2.9000000000000012}",2431.799999999961,173
"{""perditaMassima"": 2.200000000000001, ""vincitaMassima"": 0.2}",2411.999999999953,469
"{""perditaMassima"": 1.9000000000000006, ""vincitaMassima"": 1.0000000000000002}",2404.799999999948,398
"{""perditaMassima"": 2.700000000000001, ""vincitaMassima"": 2.400000000000001}",2398.200000000063,217
"{""perditaMassima"": 1.9000000000000006, ""vincitaMassima"": 0.7000000000000002}",2391.599999999823,421
"{""perditaMassima"": 0.6000000000000001, ""vincitaMassima"": 1.0000000000000002}",2388.600000000047,531
"{""perditaMassima"": 1.1000000000000003, ""vincitaMassima"": 0.4000000000000001}",2385.6000000001095,527
"{""perditaMassima"": 2.500000000000001, ""vincitaMassima"": 2.9000000000000012}",2382.6000000000136,209
"{""perditaMassima"": 1.5000000000000004, ""vincitaMassima"": 0.30000000000000004}",2373.60000000011,497
"{""perditaMassima"": 1.5000000000000004, ""vincitaMassima"": 1.4000000000000004}",2368.200000000021,312
"{""perditaMassima"": 2.3000000000000007, ""vincitaMassima"": 0.30000000000000004}",2364.000000000047,453
"{""perditaMassima"": 0.30000000000000004, ""vincitaMassima"": 1.0000000000000002}",2352.5999999998894,541
"{""perditaMassima"": 1.2000000000000004, ""vincitaMassima"": 0.4000000000000001}",2347.800000000153,521
"{""perditaMassima"": 1.9000000000000006, ""vincitaMassima"": 0.2}",2343.59999999986,487
"{""perditaMassima"": 2.3000000000000007, ""vincitaMassima"": 0.2}",2342.9999999998213,458
"{""perditaMassima"": 1.6000000000000003, ""vincitaMassima"": 2.9000000000000012}",2338.8000000000475,202
"{""perditaMassima"": 0.9000000000000001, ""vincitaMassima"": 0.9000000000000001}",2334.599999999986,505
"{""perditaMassima"": 2.600000000000001, ""vincitaMassima"": 0.30000000000000004}",2329.2000000001376,430
"{""perditaMassima"": 2.800000000000001, ""vincitaMassima"": 1.7000000000000004}",2320.199999999845,279
"{""perditaMassima"": 2.3000000000000007, ""vincitaMassima"": 1.3000000000000003}",2304.6000000000017,349
"{""perditaMassima"": 1.4000000000000004, ""vincitaMassima"": 0.4000000000000001}",2303.400000000024,500
"{""perditaMassima"": 0.5000000000000001, ""vincitaMassima"": 1.0000000000000002}",2302.199999999988,527
"{""perditaMassima"": 2.000000000000001, ""vincitaMassima"": 1.3000000000000003}",2300.400000000081,337
"{""perditaMassima"": 2.500000000000001, ""vincitaMassima"": 0.2}",2298.5999999998844,451
"{""perditaMassima"": 2.200000000000001, ""vincitaMassima"": 0.9000000000000001}",2294.4000000001233,371
"{""perditaMassima"": 2.1000000000000005, ""vincitaMassima"": 0.8000000000000003}",2290.800000000126,365
"{""perditaMassima"": 2.500000000000001, ""vincitaMassima"": 2.1000000000000005}",2284.799999999952,238
"{""perditaMassima"": 2.800000000000001, ""vincitaMassima"": 2.1000000000000005}",2269.19999999991,222
"{""perditaMassima"": 1.5000000000000004, ""vincitaMassima"": 0.2}",2267.999999999917,502
"{""perditaMassima"": 2.700000000000001, ""vincitaMassima"": 2.9000000000000012}",2266.8000000000684,213
"{""perditaMassima"": 2.9000000000000012, ""vincitaMassima"": 1.8000000000000005}",2263.8000000000297,231
"{""perditaMassima"": 0.5000000000000001, ""vincitaMassima"": 0.9000000000000001}",2262.000000000029,521
"{""perditaMassima"": 2.000000000000001, ""vincitaMassima"": 0.8000000000000003}",2253.600000000089,371
"{""perditaMassima"": 2.800000000000001, ""vincitaMassima"": 0.6000000000000001}",2240.999999999848,402
"{""perditaMassima"": 2.000000000000001, ""vincitaMassima"": 1.9000000000000006}",2235.0000000000123,237
"{""perditaMassima"": 0.8000000000000003, ""vincitaMassima"": 0.6000000000000001}",2230.7999999998497,540
"{""perditaMassima"": 1.2000000000000004, ""vincitaMassima"": 0.30000000000000004}",2218.8000000001853,530
"{""perditaMassima"": 2.500000000000001, ""vincitaMassima"": 0.4000000000000001}",2212.800000000062,428
"{""perditaMassima"": 0.7000000000000002, ""vincitaMassima"": 0.7000000000000002}",2202.000000000002,520
"{""perditaMassima"": 1.6000000000000003, ""vincitaMassima"": 1.4000000000000004}",2196.6000000000645,303
"{""perditaMassima"": 0.6000000000000001, ""vincitaMassima"": 0.9000000000000001}",2191.2000000000917,518
"{""perditaMassima"": 0.9000000000000001, ""vincitaMassima"": 0.5000000000000001}",2191.19999999994,527
"{""perditaMassima"": 1.0000000000000002, ""vincitaMassima"": 0.7000000000000002}",2180.399999999885,519
"{""perditaMassima"": 0.8000000000000003, ""vincitaMassima"": 0.5000000000000001}",2177.3999999999037,540
"{""perditaMassima"": 2.600000000000001, ""vincitaMassima"": 0.2}",2168.3999999999287,310
"{""perditaMassima"": 0.9000000000000001, ""vincitaMassima"": 0.6000000000000001}",2159.399999999876,529
"{""perditaMassima"": 0.9000000000000001, ""vincitaMassima"": 0.7000000000000002}",2157.599999999852,505
"{""perditaMassima"": 2.000000000000001, ""vincitaMassima"": 0.2}",2156.9999999998927,477
"{""perditaMassima"": 1.3000000000000003, ""vincitaMassima"": 0.2}",2149.1999999998475,523
"{""perditaMassima"": 0.9000000000000001, ""vincitaMassima"": 0.4000000000000001}",2140.800000000005,520
"{""perditaMassima"": 2.600000000000001, ""vincitaMassima"": 2.200000000000001}",2140.799999999954,247
"{""perditaMassima"": 1.4000000000000004, ""vincitaMassima"": 0.7000000000000002}",2138.9999999998345,485
"{""perditaMassima"": 0.8000000000000003, ""vincitaMassima"": 0.7000000000000002}",2126.999999999818,517
"{""perditaMassima"": 2.9000000000000012, ""vincitaMassima"": 1.6000000000000003}",2112.59999999991,277
"{""perditaMassima"": 0.6000000000000001, ""vincitaMassima"": 0.8000000000000003}",2104.8000000001152,506
"{""perditaMassima"": 2.400000000000001, ""vincitaMassima"": 0.5000000000000001}",2099.9999999999577,405
"{""perditaMassima"": 0.30000000000000004, ""vincitaMassima"": 0.8000000000000003}",2098.199999999944,527
"{""perditaMassima"": 2.3000000000000007, ""vincitaMassima"": 1.2000000000000004}",2089.7999999998146,356
"{""perditaMassima"": 2.000000000000001, ""vincitaMassima"": 1.8000000000000005}",2088.6000000000327,240
"{""perditaMassima"": 2.800000000000001, ""vincitaMassima"": 2.9000000000000012}",2084.9999999999623,200
"{""perditaMassima"": 2.000000000000001, ""vincitaMassima"": 0.9000000000000001}",2076.0000000000546,372
"{""perditaMassima"": 1.0000000000000002, ""vincitaMassima"": 0.4000000000000001}",2071.8000000000466,526
"{""perditaMassima"": 1.6000000000000003, ""vincitaMassima"": 0.2}",2069.999999999955,492
"{""perditaMassima"": 2.000000000000001, ""vincitaMassima"": 1.1000000000000003}",2063.9999999999336,377
"{""perditaMassima"": 0.2, ""vincitaMassima"": 1.0000000000000002}",2063.400000000076,528
"{""perditaMassima"": 2.9000000000000012, ""vincitaMassima"": 2.9000000000000012}",2059.1999999999825,185
"{""perditaMassima"": 2.700000000000001, ""vincitaMassima"": 1.7000000000000004}",2049.59999999996,300
"{""perditaMassima"": 2.000000000000001, ""vincitaMassima"": 2.9000000000000012}",2030.999999999999,124
"{""perditaMassima"": 0.2, ""vincitaMassima"": 0.8000000000000003}",2027.4000000001079,522
"{""perditaMassima"": 0.5000000000000001, ""vincitaMassima"": 0.7000000000000002}",2021.9999999999245,516
"{""perditaMassima"": 1.4000000000000004, ""vincitaMassima"": 0.30000000000000004}",2013.600000000059,510
"{""perditaMassima"": 0.4000000000000001, ""vincitaMassima"": 1.0000000000000002}",2008.1999999999266,533
"{""perditaMassima"": 0.7000000000000002, ""vincitaMassima"": 0.6000000000000001}",2002.800000000026,529
"{""perditaMassima"": 0.2, ""vincitaMassima"": 0.9000000000000001}",1982.4000000000985,529
"{""perditaMassima"": 2.600000000000001, ""vincitaMassima"": 0.5000000000000001}",1975.800000000028,387
"{""perditaMassima"": 2.700000000000001, ""vincitaMassima"": 0.2}",1975.1999999999375,440
"{""perditaMassima"": 0.7000000000000002, ""vincitaMassima"": 0.5000000000000001}",1969.800000000073,524
"{""perditaMassima"": 0.4000000000000001, ""vincitaMassima"": 0.9000000000000001}",1964.9999999999611,538
"{""perditaMassima"": 2.000000000000001, ""vincitaMassima"": 2.000000000000001}",1953.5999999999867,217
"{""perditaMassima"": 1.1000000000000003, ""vincitaMassima"": 0.30000000000000004}",1952.4000000001392,523
"{""perditaMassima"": 0.5000000000000001, ""vincitaMassima"": 0.8000000000000003}",1947.6000000000531,509
"{""perditaMassima"": 2.400000000000001, ""vincitaMassima"": 0.6000000000000001}",1947.599999999884,393
"{""perditaMassima"": 2.000000000000001, ""vincitaMassima"": 1.2000000000000004}",1941.599999999904,353
"{""perditaMassima"": 2.1000000000000005, ""vincitaMassima"": 0.9000000000000001}",1933.2000000000955,357
"{""perditaMassima"": 2.000000000000001, ""vincitaMassima"": 1.0000000000000002}",1928.3999999999937,372
"{""perditaMassima"": 2.700000000000001, ""vincitaMassima"": 2.1000000000000005}",1920.6000000000045,251
"{""perditaMassima"": 0.30000000000000004, ""vincitaMassima"": 0.7000000000000002}",1917.59999999985,530
"{""perditaMassima"": 0.30000000000000004, ""vincitaMassima"": 0.9000000000000001}",1914.5999999999256,526
"{""perditaMassima"": 0.8000000000000003, ""vincitaMassima"": 0.4000000000000001}",1912.199999999972,526
"{""perditaMassima"": 2.400000000000001, ""vincitaMassima"": 0.8000000000000003}",1909.800000000052,341
"{""perditaMassima"": 2.600000000000001, ""vincitaMassima"": 0.4000000000000001}",1907.400000000086,407
"{""perditaMassima"": 2.1000000000000005, ""vincitaMassima"": 1.2000000000000004}",1892.3999999999514,339
"{""perditaMassima"": 0.2, ""vincitaMassima"": 0.7000000000000002}",1881.0000000000266,524
"{""perditaMassima"": 2.800000000000001, ""vincitaMassima"": 1.8000000000000005}",1857.6000000000045,235
"{""perditaMassima"": 1.4000000000000004, ""vincitaMassima"": 0.2}",1854.599999999884,499
"{""perditaMassima"": 1.2000000000000004, ""vincitaMassima"": 0.2}",1847.4000000000106,517
"{""perditaMassima"": 2.500000000000001, ""vincitaMassima"": 0.5000000000000001}",1818.599999999993,403
"{""perditaMassima"": 2.9000000000000012, ""vincitaMassima"": 2.000000000000001}",1816.7999999999652,225
"{""perditaMassima"": 2.500000000000001, ""vincitaMassima"": 2.200000000000001}",1806.599999999913,268
"{""perditaMassima"": 2.9000000000000012, ""vincitaMassima"": 0.6000000000000001}",1787.399999999876,403
"{""perditaMassima"": 0.6000000000000001, ""vincitaMassima"": 0.7000000000000002}",1786.1999999999769,511
"{""perditaMassima"": 2.000000000000001, ""vincitaMassima"": 0.7000000000000002}",1765.1999999998804,380
"{""perditaMassima"": 2.700000000000001, ""vincitaMassima"": 0.30000000000000004}",1759.8000000001662,433
"{""perditaMassima"": 0.6000000000000001, ""vincitaMassima"": 0.6000000000000001}",1756.8000000000038,516
"{""perditaMassima"": 2.9000000000000012, ""vincitaMassima"": 1.5000000000000004}",1746.599999999955,289
"{""perditaMassima"": 2.200000000000001, ""vincitaMassima"": 0.7000000000000002}",1743.599999999944,371
"{""perditaMassima"": 2.1000000000000005, ""vincitaMassima"": 1.3000000000000003}",1731.6000000001122,320
"{""perditaMassima"": 2.800000000000001, ""vincitaMassima"": 2.000000000000001}",1726.1999999999439,228
"{""perditaMassima"": 2.200000000000001, ""vincitaMassima"": 1.0000000000000002}",1723.8000000000698,372
"{""perditaMassima"": 2.1000000000000005, ""vincitaMassima"": 0.7000000000000002}",1723.1999999999184,373
"{""perditaMassima"": 2.200000000000001, ""vincitaMassima"": 1.1000000000000003}",1720.800000000012,370
"{""perditaMassima"": 0.4000000000000001, ""vincitaMassima"": 0.7000000000000002}",1701.599999999887,522
"{""perditaMassima"": 2.800000000000001, ""vincitaMassima"": 1.6000000000000003}",1694.3999999998823,279
"{""perditaMassima"": 2.200000000000001, ""vincitaMassima"": 1.7000000000000004}",1684.1999999999935,142
"{""perditaMassima"": 2.3000000000000007, ""vincitaMassima"": 1.6000000000000003}",1676.9999999999354,154
"{""perditaMassima"": 2.200000000000001, ""vincitaMassima"": 1.2000000000000004}",1669.799999999991,159
"{""perditaMassima"": 1.8000000000000005, ""vincitaMassima"": 2.9000000000000012}",1668.5999999999653,131
"{""perditaMassima"": 2.3000000000000007, ""vincitaMassima"": 1.4000000000000004}",1667.3999999999755,154
"{""perditaMassima"": 2.3000000000000007, ""vincitaMassima"": 0.9000000000000001}",1662.599999999987,356
"{""perditaMassima"": 2.600000000000001, ""vincitaMassima"": 0.6000000000000001}",1657.1999999999566,395
"{""perditaMassima"": 2.200000000000001, ""vincitaMassima"": 2.000000000000001}",1642.8000000000397,201
"{""perditaMassima"": 2.600000000000001, ""vincitaMassima"": 0.8000000000000003}",1639.8000000001189,332
"{""perditaMassima"": 2.1000000000000005, ""vincitaMassima"": 2.000000000000001}",1604.4000000000185,207
"{""perditaMassima"": 2.500000000000001, ""vincitaMassima"": 2.000000000000001}",1603.7999999999874,245
"{""perditaMassima"": 2.3000000000000007, ""vincitaMassima"": 1.1000000000000003}",1603.199999999853,361
"{""perditaMassima"": 2.1000000000000005, ""vincitaMassima"": 1.0000000000000002}",1585.200000000038,358
"{""perditaMassima"": 0.7000000000000002, ""vincitaMassima"": 0.4000000000000001}",1584.6000000001195,519
"{""perditaMassima"": 0.8000000000000003, ""vincitaMassima"": 0.30000000000000004}",1584.6000000000063,530
"{""perditaMassima"": 2.3000000000000007, ""vincitaMassima"": 0.7000000000000002}",1575.599999999817,362
"{""perditaMassima"": 0.9000000000000001, ""vincitaMassima"": 0.30000000000000004}",1560.0000000000418,518
"{""perditaMassima"": 2.1000000000000005, ""vincitaMassima"": 1.1000000000000003}",1554.5999999999808,351
"{""perditaMassima"": 0.6000000000000001, ""vincitaMassima"": 0.5000000000000001}",1543.8000000000425,516
"{""perditaMassima"": 1.1000000000000003, ""vincitaMassima"": 0.2}",1540.199999999979,511
"{""perditaMassima"": 2.9000000000000012, ""vincitaMassima"": 0.5000000000000001}",1531.799999999958,406
"{""perditaMassima"": 2.200000000000001, ""vincitaMassima"": 1.9000000000000006}",1530.6000000000686,209
"{""perditaMassima"": 0.5000000000000001, ""vincitaMassima"": 0.6000000000000001}",1519.1999999999557,509
"{""perditaMassima"": 2.500000000000001, ""vincitaMassima"": 0.6000000000000001}",1518.5999999999208,390
"{""perditaMassima"": 2.800000000000001, ""vincitaMassima"": 0.5000000000000001}",1486.7999999999406,401
"{""perditaMassima"": 0.4000000000000001, ""vincitaMassima"": 0.8000000000000003}",1480.7999999999852,512
"{""perditaMassima"": 2.500000000000001, ""vincitaMassima"": 1.9000000000000006}",1453.2000000000219,250
"{""perditaMassima"": 0.9000000000000001, ""vincitaMassima"": 0.2}",1442.9999999999004,509
"{""perditaMassima"": 2.3000000000000007, ""vincitaMassima"": 1.0000000000000002}",1438.1999999999198,357
"{""perditaMassima"": 2.200000000000001, ""vincitaMassima"": 2.1000000000000005}",1412.4000000000055,131
"{""perditaMassima"": 1.0000000000000002, ""vincitaMassima"": 0.30000000000000004}",1399.8000000000816,514
"{""perditaMassima"": 2.800000000000001, ""vincitaMassima"": 0.2}",1388.3999999998196,438
"{""perditaMassima"": 0.6000000000000001, ""vincitaMassima"": 0.4000000000000001}",1387.200000000079,510
"{""perditaMassima"": 2.800000000000001, ""vincitaMassima"": 0.4000000000000001}",1370.400000000006,410
"{""perditaMassima"": 2.500000000000001, ""vincitaMassima"": 0.8000000000000003}",1367.4000000000851,330
"{""perditaMassima"": 2.400000000000001, ""vincitaMassima"": 0.7000000000000002}",1358.3999999998514,346
"{""perditaMassima"": 2.1000000000000005, ""vincitaMassima"": 1.9000000000000006}",1351.2000000000457,211
"{""perditaMassima"": 0.7000000000000002, ""vincitaMassima"": 0.30000000000000004}",1318.8000000001439,517
"{""perditaMassima"": 0.30000000000000004, ""vincitaMassima"": 0.6000000000000001}",1315.1999999998802,518
"{""perditaMassima"": 2.3000000000000007, ""vincitaMassima"": 2.000000000000001}",1310.9999999999427,207
"{""perditaMassima"": 2.500000000000001, ""vincitaMassima"": 1.6000000000000003}",1306.1999999999407,272
"{""perditaMassima"": 0.2, ""vincitaMassima"": 0.6000000000000001}",1285.800000000041,518
"{""perditaMassima"": 2.700000000000001, ""vincitaMassima"": 0.8000000000000003}",1285.2000000001417,336
"{""perditaMassima"": 2.400000000000001, ""vincitaMassima"": 0.9000000000000001}",1278.000000000018,331
"{""perditaMassima"": 2.9000000000000012, ""vincitaMassima"": 1.4000000000000004}",1268.4000000000062,282
"{""perditaMassima"": 0.30000000000000004, ""vincitaMassima"": 0.5000000000000001}",1264.799999999911,517
"{""perditaMassima"": 2.400000000000001, ""vincitaMassima"": 2.000000000000001}",1259.999999999964,200
"{""perditaMassima"": 2.200000000000001, ""vincitaMassima"": 1.8000000000000005}",1255.2000000000885,208
"{""perditaMassima"": 2.1000000000000005, ""vincitaMassima"": 1.8000000000000005}",1246.8000000000661,214
"{""perditaMassima"": 2.9000000000000012, ""vincitaMassima"": 1.9000000000000006}",1244.9999999999986,229
"{""perditaMassima"": 2.9000000000000012, ""vincitaMassima"": 1.3000000000000003}",1234.2000000000476,308
"{""perditaMassima"": 2.800000000000001, ""vincitaMassima"": 1.5000000000000004}",1227.5999999999299,280
"{""perditaMassima"": 1.0000000000000002, ""vincitaMassima"": 0.2}",1224.5999999999322,508
"{""perditaMassima"": 0.4000000000000001, ""vincitaMassima"": 0.6000000000000001}",1187.99999999991,513
"{""perditaMassima"": 0.5000000000000001, ""vincitaMassima"": 0.5000000000000001}",1181.999999999991,504
"{""perditaMassima"": 0.4000000000000001, ""vincitaMassima"": 0.5000000000000001}",1144.7999999999438,510
"{""perditaMassima"": 0.5000000000000001, ""vincitaMassima"": 0.4000000000000001}",1131.0000000000246,503
"{""perditaMassima"": 0.2, ""vincitaMassima"": 0.5000000000000001}",1126.8000000000625,515
"{""perditaMassima"": 0.30000000000000004, ""vincitaMassima"": 0.4000000000000001}",1124.999999999934,511
"{""perditaMassima"": 2.9000000000000012, ""vincitaMassima"": 0.7000000000000002}",1055.399999999838,363
"{""perditaMassima"": 2.500000000000001, ""vincitaMassima"": 1.7000000000000004}",1044.5999999999076,279
"{""perditaMassima"": 0.2, ""vincitaMassima"": 0.4000000000000001}",1039.8000000000798,510
"{""perditaMassima"": 2.9000000000000012, ""vincitaMassima"": 0.4000000000000001}",1032.6000000000301,407
"{""perditaMassima"": 0.4000000000000001, ""vincitaMassima"": 0.4000000000000001}",1031.9999999999718,509
"{""perditaMassima"": 0.7000000000000002, ""vincitaMassima"": 0.2}",1013.4000000000203,509
"{""perditaMassima"": 2.3000000000000007, ""vincitaMassima"": 1.9000000000000006}",1012.7999999999664,219
"{""perditaMassima"": 2.400000000000001, ""vincitaMassima"": 1.9000000000000006}",1009.7999999999906,204
"{""perditaMassima"": 2.9000000000000012, ""vincitaMassima"": 0.30000000000000004}",1008.000000000076,428
"{""perditaMassima"": 2.700000000000001, ""vincitaMassima"": 2.000000000000001}",993.6000000000436,241
"{""perditaMassima"": 2.700000000000001, ""vincitaMassima"": 0.7000000000000002}",956.3999999999352,342
"{""perditaMassima"": 2.400000000000001, ""vincitaMassima"": 1.2000000000000004}",926.9999999998737,319
"{""perditaMassima"": 2.9000000000000012, ""vincitaMassima"": 1.2000000000000004}",922.1999999998849,301
"{""perditaMassima"": 2.3000000000000007, ""vincitaMassima"": 1.8000000000000005}",918.5999999999873,218
"{""perditaMassima"": 2.600000000000001, ""vincitaMassima"": 0.7000000000000002}",900.5999999999234,331
"{""perditaMassima"": 2.600000000000001, ""vincitaMassima"": 1.6000000000000003}",885.5999999999802,263
"{""perditaMassima"": 2.600000000000001, ""vincitaMassima"": 1.7000000000000004}",884.399999999951,264
"{""perditaMassima"": 2.400000000000001, ""vincitaMassima"": 1.3000000000000003}",840.6000000000296,289
"{""perditaMassima"": 2.800000000000001, ""vincitaMassima"": 1.9000000000000006}",820.199999999971,233
"{""perditaMassima"": 0.6000000000000001, ""vincitaMassima"": 0.30000000000000004}",788.4000000000939,504
"{""perditaMassima"": 2.400000000000001, ""vincitaMassima"": 1.8000000000000005}",759.6000000000108,206
"{""perditaMassima"": 2.700000000000001, ""vincitaMassima"": 1.6000000000000003}",741.0000000000049,269
"{""perditaMassima"": 0.8000000000000003, ""vincitaMassima"": 0.2}",733.1999999998767,514
"{""perditaMassima"": 2.600000000000001, ""vincitaMassima"": 1.8000000000000005}",726.0000000001006,260
"{""perditaMassima"": 2.700000000000001, ""vincitaMassima"": 1.3000000000000003}",704.4000000001299,298
"{""perditaMassima"": 2.800000000000001, ""vincitaMassima"": 0.30000000000000004}",690.6000000000546,422
"{""perditaMassima"": 0.2, ""vincitaMassima"": 0.30000000000000004}",684.0000000000847,506
"{""perditaMassima"": 2.400000000000001, ""vincitaMassima"": 1.0000000000000002}",652.7999999999591,331
"{""perditaMassima"": 2.600000000000001, ""vincitaMassima"": 1.4000000000000004}",651.0000000000642,269
"{""perditaMassima"": 0.30000000000000004, ""vincitaMassima"": 0.2}",644.999999999898,505
"{""perditaMassima"": 2.600000000000001, ""vincitaMassima"": 2.1000000000000005}",614.3999999999949,249
"{""perditaMassima"": 2.700000000000001, ""vincitaMassima"": 0.9000000000000001}",594.600000000106,320
"{""perditaMassima"": 2.500000000000001, ""vincitaMassima"": 1.4000000000000004}",591.6000000000334,275
"{""perditaMassima"": 2.600000000000001, ""vincitaMassima"": 1.5000000000000004}",580.2000000000266,276
"{""perditaMassima"": 0.2, ""vincitaMassima"": 0.2}",568.2000000000538,505
"{""perditaMassima"": 0.30000000000000004, ""vincitaMassima"": 0.30000000000000004}",557.99999999994,504
"{""perditaMassima"": 2.400000000000001, ""vincitaMassima"": 1.5000000000000004}",556.1999999999554,279
"{""perditaMassima"": 2.600000000000001, ""vincitaMassima"": 1.2000000000000004}",538.1999999999549,291
"{""perditaMassima"": 2.800000000000001, ""vincitaMassima"": 0.7000000000000002}",534.5999999998305,333
"{""perditaMassima"": 2.600000000000001, ""vincitaMassima"": 0.9000000000000001}",516.600000000081,310
"{""perditaMassima"": 0.4000000000000001, ""vincitaMassima"": 0.30000000000000004}",472.7999999999804,505
"{""perditaMassima"": 2.500000000000001, ""vincitaMassima"": 1.8000000000000005}",466.8000000000595,264
"{""perditaMassima"": 2.9000000000000012, ""vincitaMassima"": 0.2}",434.99999999985516,429
"{""perditaMassima"": 2.600000000000001, ""vincitaMassima"": 2.000000000000001}",395.40000000002124,225
"{""perditaMassima"": 2.400000000000001, ""vincitaMassima"": 1.1000000000000003}",383.99999999991167,306
"{""perditaMassima"": 2.500000000000001, ""vincitaMassima"": 1.5000000000000004}",375.5999999999848,270
"{""perditaMassima"": 0.4000000000000001, ""vincitaMassima"": 0.2}",368.9999999999262,500
"{""perditaMassima"": 2.800000000000001, ""vincitaMassima"": 1.4000000000000004}",308.99999999998545,263
"{""perditaMassima"": 2.700000000000001, ""vincitaMassima"": 1.8000000000000005}",306.00000000012005,252
"{""perditaMassima"": 2.9000000000000012, ""vincitaMassima"": 1.1000000000000003}",241.19999999992262,287
"{""perditaMassima"": 2.400000000000001, ""vincitaMassima"": 1.4000000000000004}",239.39999999999714,285
"{""perditaMassima"": 2.700000000000001, ""vincitaMassima"": 1.5000000000000004}",238.2000000000511,280
"{""perditaMassima"": 2.500000000000001, ""vincitaMassima"": 1.0000000000000002}",230.39999999999748,310
"{""perditaMassima"": 0.5000000000000001, ""vincitaMassima"": 0.30000000000000004}",183.00000000003467,471
"{""perditaMassima"": 2.500000000000001, ""vincitaMassima"": 1.3000000000000003}",163.2000000000612,279
"{""perditaMassima"": 2.800000000000001, ""vincitaMassima"": 0.8000000000000003}",119.40000000003101,297
"{""perditaMassima"": 2.9000000000000012, ""vincitaMassima"": 0.8000000000000003}",89.40000000005239,297
"{""perditaMassima"": 2.700000000000001, ""vincitaMassima"": 1.4000000000000004}",31.800000000084992,259
"{""perditaMassima"": 2.600000000000001, ""vincitaMassima"": 1.3000000000000003}",23.400000000098203,271
"{""perditaMassima"": 2.800000000000001, ""vincitaMassima"": 1.2000000000000004}",14.99999999987665,275
"{""perditaMassima"": 2.500000000000001, ""vincitaMassima"": 0.9000000000000001}",9.600000000040268,288
"{""perditaMassima"": 2.700000000000001, ""vincitaMassima"": 1.0000000000000002}",-18.59999999994716,299
"{""perditaMassima"": 2.500000000000001, ""vincitaMassima"": 1.2000000000000004}",-20.400000000081832,288
"{""perditaMassima"": 2.800000000000001, ""vincitaMassima"": 1.1000000000000003}",-29.400000000099226,283
"{""perditaMassima"": 2.800000000000001, ""vincitaMassima"": 1.3000000000000003}",-38.99999999998886,259
"{""perditaMassima"": 2.600000000000001, ""vincitaMassima"": 1.1000000000000003}",-60.000000000016826,283
"{""perditaMassima"": 2.700000000000001, ""vincitaMassima"": 1.9000000000000006}",-90.59999999992499,233
"{""perditaMassima"": 2.700000000000001, ""vincitaMassima"": 1.2000000000000004}",-114.00000000002069,278
"{""perditaMassima"": 0.5000000000000001, ""vincitaMassima"": 0.2}",-128.40000000003675,468
"{""perditaMassima"": 2.500000000000001, ""vincitaMassima"": 0.7000000000000002}",-149.40000000009275,303
"{""perditaMassima"": 0.6000000000000001, ""vincitaMassima"": 0.2}",-193.80000000000024,467
"{""perditaMassima"": 2.800000000000001, ""vincitaMassima"": 0.9000000000000001}",-245.40000000000407,272
"{""perditaMassima"": 2.9000000000000012, ""vincitaMassima"": 0.9000000000000001}",-265.19999999998686,274
"{""perditaMassima"": 2.500000000000001, ""vincitaMassima"": 1.1000000000000003}",-272.4000000000525,286
"{""perditaMassima"": 2.9000000000000012, ""vincitaMassima"": 1.0000000000000002}",-296.40000000003386,274
"{""perditaMassima"": 2.600000000000001, ""vincitaMassima"": 1.9000000000000006}",-409.19999999993877,253
"{""perditaMassima"": 2.700000000000001, ""vincitaMassima"": 1.1000000000000003}",-632.3999999999968,252
"{""perditaMassima"": 2.600000000000001, ""vincitaMassima"": 1.0000000000000002}",-714.5999999999751,242
"{""perditaMassima"": 2.800000000000001, ""vincitaMassima"": 1.0000000000000002}",-718.200000000044,257
